Sex,Age Group,First Year,Last Year,Rank,Cause of Death,Deaths
Males,<1 yrs,2008.0,2008.0,1.0,Congenital Anomalies,2967.0
Males,<1 yrs,2008.0,2008.0,2.0,Short Gestation,2677.0
Males,<1 yrs,2008.0,2008.0,3.0,SIDS,1379.0
Males,<1 yrs,2008.0,2008.0,4.0,Maternal Pregnancy Comp.,1010.0
Males,<1 yrs,2008.0,2008.0,5.0,Unintentional Injury,729.0
Males,<1 yrs,2008.0,2008.0,6.0,Placenta  Cord Membranes,577.0
Males,<1 yrs,2008.0,2008.0,7.0,Bacterial Sepsis,398.0
Males,<1 yrs,2008.0,2008.0,8.0,Respiratory Distress,381.0
Males,<1 yrs,2008.0,2008.0,9.0,Circulatory System Disease,329.0
Males,<1 yrs,2008.0,2008.0,10.0,Neonatal Hemorrhage,328.0
Males,1-4 yrs,2008.0,2008.0,1.0,Unintentional Injury,903.0
Males,1-4 yrs,2008.0,2008.0,2.0,Congenital Anomalies,273.0
Males,1-4 yrs,2008.0,2008.0,3.0,Homicide,234.0
Males,1-4 yrs,2008.0,2008.0,4.0,Malignant Neoplasms,218.0
Males,1-4 yrs,2008.0,2008.0,5.0,Heart Disease,97.0
Males,1-4 yrs,2008.0,2008.0,6.0,Influenza & Pneumonia,69.0
Males,1-4 yrs,2008.0,2008.0,7.0,Septicemia,42.0
Males,1-4 yrs,2008.0,2008.0,8.0,Chronic Low. Respiratory Disease,32.0
Males,1-4 yrs,2008.0,2008.0,9.0,Cerebrovascular,29.0
Males,1-4 yrs,2008.0,2008.0,10.0,Perinatal Period,27.0
Males,5-9 yrs,2008.0,2008.0,1.0,Unintentional Injury,507.0
Males,5-9 yrs,2008.0,2008.0,2.0,Malignant Neoplasms,226.0
Males,5-9 yrs,2008.0,2008.0,3.0,Congenital Anomalies,93.0
Males,5-9 yrs,2008.0,2008.0,4.0,Homicide,62.0
Males,5-9 yrs,2008.0,2008.0,5.0,Heart Disease,53.0
Males,5-9 yrs,2008.0,2008.0,6.0,Chronic Low. Respiratory Disease,39.0
Males,5-9 yrs,2008.0,2008.0,7.0,Benign Neoplasms,31.0
Males,5-9 yrs,2008.0,2008.0,8.0,Influenza & Pneumonia,26.0
Males,5-9 yrs,2008.0,2008.0,9.0,Cerebrovascular,24.0
Males,5-9 yrs,2008.0,2008.0,10.0,Septicemia,14.0
Males,10-14 yrs,2008.0,2008.0,1.0,Unintentional Injury,682.0
Males,10-14 yrs,2008.0,2008.0,2.0,Malignant Neoplasms,228.0
Males,10-14 yrs,2008.0,2008.0,3.0,Suicide,149.0
Males,10-14 yrs,2008.0,2008.0,4.0,Homicide,133.0
Males,10-14 yrs,2008.0,2008.0,5.0,Congenital Anomalies,81.0
Males,10-14 yrs,2008.0,2008.0,6.0,Heart Disease,75.0
Males,10-14 yrs,2008.0,2008.0,7.0,Chronic Low. Respiratory Disease,30.0
Males,10-14 yrs,2008.0,2008.0,8.0,Cerebrovascular,25.0
Males,10-14 yrs,2008.0,2008.0,9.0,Influenza & Pneumonia,21.0
Males,10-14 yrs,2008.0,2008.0,10.0,Septicemia,16.0
Males,15-24 yrs,2008.0,2008.0,1.0,Unintentional Injury,10629.0
Males,15-24 yrs,2008.0,2008.0,2.0,Homicide,4573.0
Males,15-24 yrs,2008.0,2008.0,3.0,Suicide,3560.0
Males,15-24 yrs,2008.0,2008.0,4.0,Malignant Neoplasms,1021.0
Males,15-24 yrs,2008.0,2008.0,5.0,Heart Disease,735.0
Males,15-24 yrs,2008.0,2008.0,6.0,Congenital Anomalies,285.0
Males,15-24 yrs,2008.0,2008.0,7.0,Diabetes Mellitus,128.0
Males,15-24 yrs,2008.0,2008.0,8.0,Influenza & Pneumonia,124.0
Males,15-24 yrs,2008.0,2008.0,9.0,Cerebrovascular,110.0
Males,15-24 yrs,2008.0,2008.0,10.0,Chronic Low. Respiratory Disease,93.0
Males,25-34 yrs,2008.0,2008.0,1.0,Unintentional Injury,11223.0
Males,25-34 yrs,2008.0,2008.0,2.0,Suicide,4273.0
Males,25-34 yrs,2008.0,2008.0,3.0,Homicide,3895.0
Males,25-34 yrs,2008.0,2008.0,4.0,Heart Disease,2176.0
Males,25-34 yrs,2008.0,2008.0,5.0,Malignant Neoplasms,1770.0
Males,25-34 yrs,2008.0,2008.0,6.0,HIV,606.0
Males,25-34 yrs,2008.0,2008.0,7.0,Diabetes Mellitus,323.0
Males,25-34 yrs,2008.0,2008.0,8.0,Cerebrovascular,296.0
Males,25-34 yrs,2008.0,2008.0,9.0,Liver Disease,287.0
Males,25-34 yrs,2008.0,2008.0,10.0,Congenital Anomalies,209.0
Males,35-44 yrs,2008.0,2008.0,1.0,Unintentional Injury,11322.0
Males,35-44 yrs,2008.0,2008.0,2.0,Heart Disease,7852.0
Males,35-44 yrs,2008.0,2008.0,3.0,Malignant Neoplasms,5492.0
Males,35-44 yrs,2008.0,2008.0,4.0,Suicide,5125.0
Males,35-44 yrs,2008.0,2008.0,5.0,Homicide,2248.0
Males,35-44 yrs,2008.0,2008.0,6.0,HIV,1947.0
Males,35-44 yrs,2008.0,2008.0,7.0,Liver Disease,1685.0
Males,35-44 yrs,2008.0,2008.0,8.0,Diabetes Mellitus,1143.0
Males,35-44 yrs,2008.0,2008.0,9.0,Cerebrovascular,1083.0
Males,35-44 yrs,2008.0,2008.0,10.0,Influenza & Pneumonia,486.0
Males,45-54 yrs,2008.0,2008.0,1.0,Heart Disease,26871.0
Males,45-54 yrs,2008.0,2008.0,2.0,Malignant Neoplasms,25725.0
Males,45-54 yrs,2008.0,2008.0,3.0,Unintentional Injury,13882.0
Males,45-54 yrs,2008.0,2008.0,4.0,Suicide,6246.0
Males,45-54 yrs,2008.0,2008.0,5.0,Liver Disease,5779.0
Males,45-54 yrs,2008.0,2008.0,6.0,Diabetes Mellitus,3492.0
Males,45-54 yrs,2008.0,2008.0,7.0,Cerebrovascular,3346.0
Males,45-54 yrs,2008.0,2008.0,8.0,HIV,2757.0
Males,45-54 yrs,2008.0,2008.0,9.0,Chronic Low. Respiratory Disease,2212.0
Males,45-54 yrs,2008.0,2008.0,10.0,Viral Hepatitis,1958.0
Males,55-64 yrs,2008.0,2008.0,1.0,Malignant Neoplasms,57542.0
Males,55-64 yrs,2008.0,2008.0,2.0,Heart Disease,46270.0
Males,55-64 yrs,2008.0,2008.0,3.0,Unintentional Injury,8891.0
Males,55-64 yrs,2008.0,2008.0,4.0,Chronic Low. Respiratory Disease,7363.0
Males,55-64 yrs,2008.0,2008.0,5.0,Diabetes Mellitus,6692.0
Males,55-64 yrs,2008.0,2008.0,6.0,Liver Disease,6108.0
Males,55-64 yrs,2008.0,2008.0,7.0,Cerebrovascular,5852.0
Males,55-64 yrs,2008.0,2008.0,8.0,Suicide,4245.0
Males,55-64 yrs,2008.0,2008.0,9.0,Nephritis,2673.0
Males,55-64 yrs,2008.0,2008.0,10.0,Septicemia,2414.0
Males,65+ yrs,2008.0,2008.0,1.0,Heart Disease,226837.0
Males,65+ yrs,2008.0,2008.0,2.0,Malignant Neoplasms,202983.0
Males,65+ yrs,2008.0,2008.0,3.0,Chronic Low. Respiratory Disease,56809.0
Males,65+ yrs,2008.0,2008.0,4.0,Cerebrovascular,42689.0
Males,65+ yrs,2008.0,2008.0,5.0,Alzheimer's Disease,24128.0
Males,65+ yrs,2008.0,2008.0,6.0,Diabetes Mellitus,23543.0
Males,65+ yrs,2008.0,2008.0,7.0,Influenza & Pneumonia,21086.0
Males,65+ yrs,2008.0,2008.0,8.0,Unintentional Injury,19592.0
Males,65+ yrs,2008.0,2008.0,9.0,Nephritis,18821.0
Males,65+ yrs,2008.0,2008.0,10.0,Parkinson's Disease,11651.0
Males,<1 yrs,2009.0,2009.0,1.0,Congenital Anomalies,2766.0
Males,<1 yrs,2009.0,2009.0,2.0,Short Gestation,2547.0
Males,<1 yrs,2009.0,2009.0,3.0,SIDS,1304.0
Males,<1 yrs,2009.0,2009.0,4.0,Maternal Pregnancy Comp.,912.0
Males,<1 yrs,2009.0,2009.0,5.0,Unintentional Injury,699.0
Males,<1 yrs,2009.0,2009.0,6.0,Placenta  Cord Membranes,573.0
Males,<1 yrs,2009.0,2009.0,7.0,Bacterial Sepsis,368.0
Males,<1 yrs,2009.0,2009.0,8.0,Respiratory Distress,352.0
Males,<1 yrs,2009.0,2009.0,9.0,Circulatory System Disease,327.0
Males,<1 yrs,2009.0,2009.0,10.0,Neonatal Hemorrhage,315.0
Males,1-4 yrs,2009.0,2009.0,1.0,Unintentional Injury,925.0
Males,1-4 yrs,2009.0,2009.0,2.0,Congenital Anomalies,230.0
Males,1-4 yrs,2009.0,2009.0,3.0,Homicide,188.0
Males,1-4 yrs,2009.0,2009.0,4.0,Malignant Neoplasms,180.0
Males,1-4 yrs,2009.0,2009.0,5.0,Heart Disease,77.0
Males,1-4 yrs,2009.0,2009.0,6.0,Influenza & Pneumonia,64.0
Males,1-4 yrs,2009.0,2009.0,7.0,Septicemia,40.0
Males,1-4 yrs,2009.0,2009.0,8.0,Chronic Low. Respiratory Disease,36.0
Males,1-4 yrs,2009.0,2009.0,9.0,Perinatal Period,33.0
Males,1-4 yrs,2009.0,2009.0,10.0,Benign Neoplasms,30.0
Males,5-9 yrs,2009.0,2009.0,1.0,Unintentional Injury,460.0
Males,5-9 yrs,2009.0,2009.0,2.0,Malignant Neoplasms,265.0
Males,5-9 yrs,2009.0,2009.0,3.0,Congenital Anomalies,107.0
Males,5-9 yrs,2009.0,2009.0,4.0,Homicide,61.0
Males,5-9 yrs,2009.0,2009.0,5.0,Influenza & Pneumonia,59.0
Males,5-9 yrs,2009.0,2009.0,6.0,Chronic Low. Respiratory Disease,38.0
Males,5-9 yrs,2009.0,2009.0,6.0,Heart Disease,38.0
Males,5-9 yrs,2009.0,2009.0,7.0,Benign Neoplasms,23.0
Males,5-9 yrs,2009.0,2009.0,8.0,Cerebrovascular,18.0
Males,5-9 yrs,2009.0,2009.0,9.0,Septicemia,15.0
Males,10-14 yrs,2009.0,2009.0,1.0,Unintentional Injury,592.0
Males,10-14 yrs,2009.0,2009.0,2.0,Malignant Neoplasms,223.0
Males,10-14 yrs,2009.0,2009.0,3.0,Suicide,171.0
Males,10-14 yrs,2009.0,2009.0,4.0,Homicide,135.0
Males,10-14 yrs,2009.0,2009.0,5.0,Congenital Anomalies,99.0
Males,10-14 yrs,2009.0,2009.0,6.0,Heart Disease,74.0
Males,10-14 yrs,2009.0,2009.0,7.0,Influenza & Pneumonia,55.0
Males,10-14 yrs,2009.0,2009.0,8.0,Chronic Low. Respiratory Disease,39.0
Males,10-14 yrs,2009.0,2009.0,9.0,Benign Neoplasms,28.0
Males,10-14 yrs,2009.0,2009.0,10.0,Cerebrovascular,27.0
Males,15-24 yrs,2009.0,2009.0,1.0,Unintentional Injury,9239.0
Males,15-24 yrs,2009.0,2009.0,2.0,Homicide,4205.0
Males,15-24 yrs,2009.0,2009.0,3.0,Suicide,3595.0
Males,15-24 yrs,2009.0,2009.0,4.0,Malignant Neoplasms,993.0
Males,15-24 yrs,2009.0,2009.0,5.0,Heart Disease,687.0
Males,15-24 yrs,2009.0,2009.0,6.0,Congenital Anomalies,263.0
Males,15-24 yrs,2009.0,2009.0,7.0,Influenza & Pneumonia,224.0
Males,15-24 yrs,2009.0,2009.0,8.0,Cerebrovascular,108.0
Males,15-24 yrs,2009.0,2009.0,8.0,Chronic Low. Respiratory Disease,108.0
Males,15-24 yrs,2009.0,2009.0,9.0,Diabetes Mellitus,90.0
Males,25-34 yrs,2009.0,2009.0,1.0,Unintentional Injury,10532.0
Males,25-34 yrs,2009.0,2009.0,2.0,Suicide,4293.0
Males,25-34 yrs,2009.0,2009.0,3.0,Homicide,3481.0
Males,25-34 yrs,2009.0,2009.0,4.0,Heart Disease,2164.0
Males,25-34 yrs,2009.0,2009.0,5.0,Malignant Neoplasms,1807.0
Males,25-34 yrs,2009.0,2009.0,6.0,HIV,561.0
Males,25-34 yrs,2009.0,2009.0,7.0,Influenza & Pneumonia,422.0
Males,25-34 yrs,2009.0,2009.0,8.0,Diabetes Mellitus,353.0
Males,25-34 yrs,2009.0,2009.0,9.0,Liver Disease,305.0
Males,25-34 yrs,2009.0,2009.0,10.0,Cerebrovascular,298.0
Males,35-44 yrs,2009.0,2009.0,1.0,Unintentional Injury,10649.0
Males,35-44 yrs,2009.0,2009.0,2.0,Heart Disease,7738.0
Males,35-44 yrs,2009.0,2009.0,3.0,Malignant Neoplasms,5398.0
Males,35-44 yrs,2009.0,2009.0,4.0,Suicide,5142.0
Males,35-44 yrs,2009.0,2009.0,5.0,Homicide,2122.0
Males,35-44 yrs,2009.0,2009.0,6.0,HIV,1689.0
Males,35-44 yrs,2009.0,2009.0,7.0,Liver Disease,1648.0
Males,35-44 yrs,2009.0,2009.0,8.0,Diabetes Mellitus,1208.0
Males,35-44 yrs,2009.0,2009.0,9.0,Cerebrovascular,1044.0
Males,35-44 yrs,2009.0,2009.0,10.0,Influenza & Pneumonia,732.0
Males,45-54 yrs,2009.0,2009.0,1.0,Heart Disease,26432.0
Males,45-54 yrs,2009.0,2009.0,2.0,Malignant Neoplasms,25447.0
Males,45-54 yrs,2009.0,2009.0,3.0,Unintentional Injury,13454.0
Males,45-54 yrs,2009.0,2009.0,4.0,Suicide,6469.0
Males,45-54 yrs,2009.0,2009.0,5.0,Liver Disease,5757.0
Males,45-54 yrs,2009.0,2009.0,6.0,Diabetes Mellitus,3602.0
Males,45-54 yrs,2009.0,2009.0,7.0,Cerebrovascular,3385.0
Males,45-54 yrs,2009.0,2009.0,8.0,HIV,2480.0
Males,45-54 yrs,2009.0,2009.0,9.0,Chronic Low. Respiratory Disease,2270.0
Males,45-54 yrs,2009.0,2009.0,10.0,Viral Hepatitis,1805.0
Males,55-64 yrs,2009.0,2009.0,1.0,Malignant Neoplasms,59058.0
Males,55-64 yrs,2009.0,2009.0,2.0,Heart Disease,46802.0
Males,55-64 yrs,2009.0,2009.0,3.0,Unintentional Injury,8960.0
Males,55-64 yrs,2009.0,2009.0,4.0,Chronic Low. Respiratory Disease,7354.0
Males,55-64 yrs,2009.0,2009.0,5.0,Diabetes Mellitus,6837.0
Males,55-64 yrs,2009.0,2009.0,6.0,Liver Disease,6474.0
Males,55-64 yrs,2009.0,2009.0,7.0,Cerebrovascular,5977.0
Males,55-64 yrs,2009.0,2009.0,8.0,Suicide,4457.0
Males,55-64 yrs,2009.0,2009.0,9.0,Nephritis,2707.0
Males,55-64 yrs,2009.0,2009.0,10.0,Septicemia,2445.0
Males,65+ yrs,2009.0,2009.0,1.0,Heart Disease,222976.0
Males,65+ yrs,2009.0,2009.0,2.0,Malignant Neoplasms,203343.0
Males,65+ yrs,2009.0,2009.0,3.0,Chronic Low. Respiratory Disease,54758.0
Males,65+ yrs,2009.0,2009.0,4.0,Cerebrovascular,41102.0
Males,65+ yrs,2009.0,2009.0,5.0,Alzheimer's Disease,23516.0
Males,65+ yrs,2009.0,2009.0,6.0,Diabetes Mellitus,22949.0
Males,65+ yrs,2009.0,2009.0,7.0,Influenza & Pneumonia,19532.0
Males,65+ yrs,2009.0,2009.0,8.0,Unintentional Injury,19477.0
Males,65+ yrs,2009.0,2009.0,9.0,Nephritis,19143.0
Males,65+ yrs,2009.0,2009.0,10.0,Parkinson's Disease,11740.0
Males,<1 yrs,2010.0,2010.0,1.0,Congenital Anomalies,2618.0
Males,<1 yrs,2010.0,2010.0,2.0,Short Gestation,2319.0
Males,<1 yrs,2010.0,2010.0,3.0,SIDS,1211.0
Males,<1 yrs,2010.0,2010.0,4.0,Maternal Pregnancy Comp.,856.0
Males,<1 yrs,2010.0,2010.0,5.0,Unintentional Injury,637.0
Males,<1 yrs,2010.0,2010.0,6.0,Placenta  Cord Membranes,553.0
Males,<1 yrs,2010.0,2010.0,7.0,Bacterial Sepsis,325.0
Males,<1 yrs,2010.0,2010.0,8.0,Respiratory Distress,312.0
Males,<1 yrs,2010.0,2010.0,9.0,Circulatory System Disease,286.0
Males,<1 yrs,2010.0,2010.0,9.0,Neonatal Hemorrhage,286.0
Males,1-4 yrs,2010.0,2010.0,1.0,Unintentional Injury,868.0
Males,1-4 yrs,2010.0,2010.0,2.0,Congenital Anomalies,231.0
Males,1-4 yrs,2010.0,2010.0,2.0,Homicide,231.0
Males,1-4 yrs,2010.0,2010.0,3.0,Malignant Neoplasms,197.0
Males,1-4 yrs,2010.0,2010.0,4.0,Heart Disease,90.0
Males,1-4 yrs,2010.0,2010.0,5.0,Influenza & Pneumonia,50.0
Males,1-4 yrs,2010.0,2010.0,6.0,Benign Neoplasms,32.0
Males,1-4 yrs,2010.0,2010.0,7.0,Perinatal Period,30.0
Males,1-4 yrs,2010.0,2010.0,7.0,Septicemia,30.0
Males,1-4 yrs,2010.0,2010.0,8.0,Chronic Low. Respiratory Disease,28.0
Males,5-9 yrs,2010.0,2010.0,1.0,Unintentional Injury,483.0
Males,5-9 yrs,2010.0,2010.0,2.0,Malignant Neoplasms,239.0
Males,5-9 yrs,2010.0,2010.0,3.0,Congenital Anomalies,81.0
Males,5-9 yrs,2010.0,2010.0,4.0,Homicide,62.0
Males,5-9 yrs,2010.0,2010.0,5.0,Chronic Low. Respiratory Disease,44.0
Males,5-9 yrs,2010.0,2010.0,6.0,Heart Disease,34.0
Males,5-9 yrs,2010.0,2010.0,7.0,Cerebrovascular,27.0
Males,5-9 yrs,2010.0,2010.0,8.0,Benign Neoplasms,17.0
Males,5-9 yrs,2010.0,2010.0,9.0,Septicemia,16.0
Males,5-9 yrs,2010.0,2010.0,10.0,Influenza & Pneumonia,15.0
Males,10-14 yrs,2010.0,2010.0,1.0,Unintentional Injury,569.0
Males,10-14 yrs,2010.0,2010.0,2.0,Malignant Neoplasms,243.0
Males,10-14 yrs,2010.0,2010.0,3.0,Suicide,180.0
Males,10-14 yrs,2010.0,2010.0,4.0,Homicide,104.0
Males,10-14 yrs,2010.0,2010.0,5.0,Congenital Anomalies,67.0
Males,10-14 yrs,2010.0,2010.0,6.0,Heart Disease,62.0
Males,10-14 yrs,2010.0,2010.0,7.0,Chronic Low. Respiratory Disease,46.0
Males,10-14 yrs,2010.0,2010.0,8.0,Cerebrovascular,27.0
Males,10-14 yrs,2010.0,2010.0,9.0,Septicemia,22.0
Males,10-14 yrs,2010.0,2010.0,10.0,Benign Neoplasms,18.0
Males,15-24 yrs,2010.0,2010.0,1.0,Unintentional Injury,9088.0
Males,15-24 yrs,2010.0,2010.0,2.0,Homicide,4067.0
Males,15-24 yrs,2010.0,2010.0,3.0,Suicide,3771.0
Males,15-24 yrs,2010.0,2010.0,4.0,Malignant Neoplasms,997.0
Males,15-24 yrs,2010.0,2010.0,5.0,Heart Disease,719.0
Males,15-24 yrs,2010.0,2010.0,6.0,Congenital Anomalies,251.0
Males,15-24 yrs,2010.0,2010.0,7.0,Cerebrovascular,107.0
Males,15-24 yrs,2010.0,2010.0,8.0,Influenza & Pneumonia,105.0
Males,15-24 yrs,2010.0,2010.0,9.0,HIV,100.0
Males,15-24 yrs,2010.0,2010.0,10.0,Chronic Low. Respiratory Disease,96.0
Males,25-34 yrs,2010.0,2010.0,1.0,Unintentional Injury,10803.0
Males,25-34 yrs,2010.0,2010.0,2.0,Suicide,4643.0
Males,25-34 yrs,2010.0,2010.0,3.0,Homicide,3574.0
Males,25-34 yrs,2010.0,2010.0,4.0,Heart Disease,2212.0
Males,25-34 yrs,2010.0,2010.0,5.0,Malignant Neoplasms,1784.0
Males,25-34 yrs,2010.0,2010.0,6.0,HIV,482.0
Males,25-34 yrs,2010.0,2010.0,7.0,Diabetes Mellitus,344.0
Males,25-34 yrs,2010.0,2010.0,8.0,Liver Disease,307.0
Males,25-34 yrs,2010.0,2010.0,9.0,Cerebrovascular,264.0
Males,25-34 yrs,2010.0,2010.0,10.0,Congenital Anomalies,233.0
Males,35-44 yrs,2010.0,2010.0,1.0,Unintentional Injury,10196.0
Males,35-44 yrs,2010.0,2010.0,2.0,Heart Disease,7366.0
Males,35-44 yrs,2010.0,2010.0,3.0,Malignant Neoplasms,5146.0
Males,35-44 yrs,2010.0,2010.0,4.0,Suicide,5033.0
Males,35-44 yrs,2010.0,2010.0,5.0,Homicide,1878.0
Males,35-44 yrs,2010.0,2010.0,6.0,Liver Disease,1612.0
Males,35-44 yrs,2010.0,2010.0,7.0,HIV,1294.0
Males,35-44 yrs,2010.0,2010.0,8.0,Diabetes Mellitus,1061.0
Males,35-44 yrs,2010.0,2010.0,9.0,Cerebrovascular,1029.0
Males,35-44 yrs,2010.0,2010.0,10.0,Influenza & Pneumonia,439.0
Males,45-54 yrs,2010.0,2010.0,1.0,Heart Disease,26087.0
Males,45-54 yrs,2010.0,2010.0,2.0,Malignant Neoplasms,25188.0
Males,45-54 yrs,2010.0,2010.0,3.0,Unintentional Injury,13178.0
Males,45-54 yrs,2010.0,2010.0,4.0,Suicide,6733.0
Males,45-54 yrs,2010.0,2010.0,5.0,Liver Disease,5896.0
Males,45-54 yrs,2010.0,2010.0,6.0,Diabetes Mellitus,3528.0
Males,45-54 yrs,2010.0,2010.0,7.0,Cerebrovascular,3299.0
Males,45-54 yrs,2010.0,2010.0,8.0,HIV,2342.0
Males,45-54 yrs,2010.0,2010.0,9.0,Chronic Low. Respiratory Disease,2053.0
Males,45-54 yrs,2010.0,2010.0,10.0,Viral Hepatitis,1659.0
Males,55-64 yrs,2010.0,2010.0,1.0,Malignant Neoplasms,60700.0
Males,55-64 yrs,2010.0,2010.0,2.0,Heart Disease,47433.0
Males,55-64 yrs,2010.0,2010.0,3.0,Unintentional Injury,9609.0
Males,55-64 yrs,2010.0,2010.0,4.0,Chronic Low. Respiratory Disease,7419.0
Males,55-64 yrs,2010.0,2010.0,5.0,Diabetes Mellitus,7122.0
Males,55-64 yrs,2010.0,2010.0,6.0,Liver Disease,6947.0
Males,55-64 yrs,2010.0,2010.0,7.0,Cerebrovascular,6109.0
Males,55-64 yrs,2010.0,2010.0,8.0,Suicide,4869.0
Males,55-64 yrs,2010.0,2010.0,9.0,Nephritis,2884.0
Males,55-64 yrs,2010.0,2010.0,10.0,Septicemia,2445.0
Males,65+ yrs,2010.0,2010.0,1.0,Heart Disease,223165.0
Males,65+ yrs,2010.0,2010.0,2.0,Malignant Neoplasms,206507.0
Males,65+ yrs,2010.0,2010.0,3.0,Chronic Low. Respiratory Disease,55205.0
Males,65+ yrs,2010.0,2010.0,4.0,Cerebrovascular,41414.0
Males,65+ yrs,2010.0,2010.0,5.0,Alzheimer's Disease,24995.0
Males,65+ yrs,2010.0,2010.0,6.0,Diabetes Mellitus,23327.0
Males,65+ yrs,2010.0,2010.0,7.0,Unintentional Injury,20479.0
Males,65+ yrs,2010.0,2010.0,8.0,Nephritis,20120.0
Males,65+ yrs,2010.0,2010.0,9.0,Influenza & Pneumonia,19450.0
Males,65+ yrs,2010.0,2010.0,10.0,Parkinson's Disease,12480.0
Males,<1 yrs,2011.0,2011.0,1.0,Congenital Anomalies,2630.0
Males,<1 yrs,2011.0,2011.0,2.0,Short Gestation,2273.0
Males,<1 yrs,2011.0,2011.0,3.0,SIDS,1108.0
Males,<1 yrs,2011.0,2011.0,4.0,Maternal Pregnancy Comp.,904.0
Males,<1 yrs,2011.0,2011.0,5.0,Unintentional Injury,647.0
Males,<1 yrs,2011.0,2011.0,6.0,Placenta  Cord Membranes,548.0
Males,<1 yrs,2011.0,2011.0,7.0,Bacterial Sepsis,293.0
Males,<1 yrs,2011.0,2011.0,8.0,Respiratory Distress,276.0
Males,<1 yrs,2011.0,2011.0,9.0,Circulatory System Disease,268.0
Males,<1 yrs,2011.0,2011.0,10.0,Neonatal Hemorrhage,266.0
Males,1-4 yrs,2011.0,2011.0,1.0,Unintentional Injury,839.0
Males,1-4 yrs,2011.0,2011.0,2.0,Congenital Anomalies,266.0
Males,1-4 yrs,2011.0,2011.0,3.0,Homicide,239.0
Males,1-4 yrs,2011.0,2011.0,4.0,Malignant Neoplasms,183.0
Males,1-4 yrs,2011.0,2011.0,5.0,Heart Disease,84.0
Males,1-4 yrs,2011.0,2011.0,6.0,Influenza & Pneumonia,55.0
Males,1-4 yrs,2011.0,2011.0,7.0,Chronic Low. Respiratory Disease,37.0
Males,1-4 yrs,2011.0,2011.0,8.0,Cerebrovascular,29.0
Males,1-4 yrs,2011.0,2011.0,9.0,Benign Neoplasms,26.0
Males,1-4 yrs,2011.0,2011.0,9.0,Septicemia,26.0
Males,5-9 yrs,2011.0,2011.0,1.0,Unintentional Injury,461.0
Males,5-9 yrs,2011.0,2011.0,2.0,Malignant Neoplasms,244.0
Males,5-9 yrs,2011.0,2011.0,3.0,Congenital Anomalies,109.0
Males,5-9 yrs,2011.0,2011.0,4.0,Homicide,75.0
Males,5-9 yrs,2011.0,2011.0,5.0,Chronic Low. Respiratory Disease,44.0
Males,5-9 yrs,2011.0,2011.0,6.0,Heart Disease,38.0
Males,5-9 yrs,2011.0,2011.0,7.0,Influenza & Pneumonia,32.0
Males,5-9 yrs,2011.0,2011.0,8.0,Benign Neoplasms,19.0
Males,5-9 yrs,2011.0,2011.0,8.0,Cerebrovascular,19.0
Males,5-9 yrs,2011.0,2011.0,9.0,Anemias,15.0
Males,10-14 yrs,2011.0,2011.0,1.0,Unintentional Injury,572.0
Males,10-14 yrs,2011.0,2011.0,2.0,Malignant Neoplasms,239.0
Males,10-14 yrs,2011.0,2011.0,3.0,Suicide,197.0
Males,10-14 yrs,2011.0,2011.0,4.0,Homicide,103.0
Males,10-14 yrs,2011.0,2011.0,5.0,Congenital Anomalies,89.0
Males,10-14 yrs,2011.0,2011.0,6.0,Heart Disease,57.0
Males,10-14 yrs,2011.0,2011.0,7.0,Chronic Low. Respiratory Disease,43.0
Males,10-14 yrs,2011.0,2011.0,8.0,Influenza & Pneumonia,31.0
Males,10-14 yrs,2011.0,2011.0,9.0,Cerebrovascular,27.0
Males,10-14 yrs,2011.0,2011.0,10.0,Septicemia,20.0
Males,15-24 yrs,2011.0,2011.0,1.0,Unintentional Injury,9172.0
Males,15-24 yrs,2011.0,2011.0,2.0,Suicide,3959.0
Males,15-24 yrs,2011.0,2011.0,3.0,Homicide,3941.0
Males,15-24 yrs,2011.0,2011.0,4.0,Malignant Neoplasms,966.0
Males,15-24 yrs,2011.0,2011.0,5.0,Heart Disease,684.0
Males,15-24 yrs,2011.0,2011.0,6.0,Congenital Anomalies,275.0
Males,15-24 yrs,2011.0,2011.0,7.0,Influenza & Pneumonia,123.0
Males,15-24 yrs,2011.0,2011.0,8.0,Chronic Low. Respiratory Disease,117.0
Males,15-24 yrs,2011.0,2011.0,9.0,Cerebrovascular,104.0
Males,15-24 yrs,2011.0,2011.0,10.0,Diabetes Mellitus,101.0
Males,25-34 yrs,2011.0,2011.0,1.0,Unintentional Injury,11426.0
Males,25-34 yrs,2011.0,2011.0,2.0,Suicide,4862.0
Males,25-34 yrs,2011.0,2011.0,3.0,Homicide,3499.0
Males,25-34 yrs,2011.0,2011.0,4.0,Heart Disease,2210.0
Males,25-34 yrs,2011.0,2011.0,5.0,Malignant Neoplasms,1713.0
Males,25-34 yrs,2011.0,2011.0,6.0,HIV,428.0
Males,25-34 yrs,2011.0,2011.0,7.0,Diabetes Mellitus,388.0
Males,25-34 yrs,2011.0,2011.0,8.0,Liver Disease,306.0
Males,25-34 yrs,2011.0,2011.0,9.0,Influenza & Pneumonia,290.0
Males,25-34 yrs,2011.0,2011.0,10.0,Cerebrovascular,284.0
Males,35-44 yrs,2011.0,2011.0,1.0,Unintentional Injury,10459.0
Males,35-44 yrs,2011.0,2011.0,2.0,Heart Disease,7393.0
Males,35-44 yrs,2011.0,2011.0,3.0,Suicide,5044.0
Males,35-44 yrs,2011.0,2011.0,4.0,Malignant Neoplasms,5034.0
Males,35-44 yrs,2011.0,2011.0,5.0,Homicide,1940.0
Males,35-44 yrs,2011.0,2011.0,6.0,Liver Disease,1572.0
Males,35-44 yrs,2011.0,2011.0,7.0,Diabetes Mellitus,1120.0
Males,35-44 yrs,2011.0,2011.0,8.0,HIV,1060.0
Males,35-44 yrs,2011.0,2011.0,9.0,Cerebrovascular,906.0
Males,35-44 yrs,2011.0,2011.0,10.0,Influenza & Pneumonia,456.0
Males,45-54 yrs,2011.0,2011.0,1.0,Heart Disease,25691.0
Males,45-54 yrs,2011.0,2011.0,2.0,Malignant Neoplasms,24372.0
Males,45-54 yrs,2011.0,2011.0,3.0,Unintentional Injury,13917.0
Males,45-54 yrs,2011.0,2011.0,4.0,Suicide,6637.0
Males,45-54 yrs,2011.0,2011.0,5.0,Liver Disease,5868.0
Males,45-54 yrs,2011.0,2011.0,6.0,Diabetes Mellitus,3743.0
Males,45-54 yrs,2011.0,2011.0,7.0,Cerebrovascular,3201.0
Males,45-54 yrs,2011.0,2011.0,8.0,Chronic Low. Respiratory Disease,2173.0
Males,45-54 yrs,2011.0,2011.0,9.0,HIV,2052.0
Males,45-54 yrs,2011.0,2011.0,10.0,Viral Hepatitis,1637.0
Males,55-64 yrs,2011.0,2011.0,1.0,Malignant Neoplasms,62499.0
Males,55-64 yrs,2011.0,2011.0,2.0,Heart Disease,48388.0
Males,55-64 yrs,2011.0,2011.0,3.0,Unintentional Injury,10441.0
Males,55-64 yrs,2011.0,2011.0,4.0,Chronic Low. Respiratory Disease,7890.0
Males,55-64 yrs,2011.0,2011.0,5.0,Diabetes Mellitus,7624.0
Males,55-64 yrs,2011.0,2011.0,6.0,Liver Disease,7589.0
Males,55-64 yrs,2011.0,2011.0,7.0,Cerebrovascular,6405.0
Males,55-64 yrs,2011.0,2011.0,8.0,Suicide,5018.0
Males,55-64 yrs,2011.0,2011.0,9.0,Nephritis,2701.0
Males,55-64 yrs,2011.0,2011.0,10.0,Septicemia,2648.0
Males,65+ yrs,2011.0,2011.0,1.0,Heart Disease,223669.0
Males,65+ yrs,2011.0,2011.0,2.0,Malignant Neoplasms,206939.0
Males,65+ yrs,2011.0,2011.0,3.0,Chronic Low. Respiratory Disease,56697.0
Males,65+ yrs,2011.0,2011.0,4.0,Cerebrovascular,41284.0
Males,65+ yrs,2011.0,2011.0,5.0,Diabetes Mellitus,25333.0
Males,65+ yrs,2011.0,2011.0,6.0,Alzheimer's Disease,25260.0
Males,65+ yrs,2011.0,2011.0,7.0,Unintentional Injury,21304.0
Males,65+ yrs,2011.0,2011.0,8.0,Influenza & Pneumonia,20572.0
Males,65+ yrs,2011.0,2011.0,9.0,Nephritis,18183.0
Males,65+ yrs,2011.0,2011.0,10.0,Parkinson's Disease,13187.0
Males,<1 yrs,2012.0,2012.0,1.0,Congenital Anomalies,2557.0
Males,<1 yrs,2012.0,2012.0,2.0,Short Gestation,2356.0
Males,<1 yrs,2012.0,2012.0,3.0,SIDS,960.0
Males,<1 yrs,2012.0,2012.0,4.0,Maternal Pregnancy Comp.,871.0
Males,<1 yrs,2012.0,2012.0,5.0,Unintentional Injury,675.0
Males,<1 yrs,2012.0,2012.0,6.0,Placenta  Cord Membranes,553.0
Males,<1 yrs,2012.0,2012.0,7.0,Bacterial Sepsis,316.0
Males,<1 yrs,2012.0,2012.0,8.0,Respiratory Distress,307.0
Males,<1 yrs,2012.0,2012.0,9.0,Circulatory System Disease,272.0
Males,<1 yrs,2012.0,2012.0,10.0,Neonatal Hemorrhage,253.0
Males,1-4 yrs,2012.0,2012.0,1.0,Unintentional Injury,806.0
Males,1-4 yrs,2012.0,2012.0,2.0,Congenital Anomalies,275.0
Males,1-4 yrs,2012.0,2012.0,3.0,Malignant Neoplasms,218.0
Males,1-4 yrs,2012.0,2012.0,4.0,Homicide,197.0
Males,1-4 yrs,2012.0,2012.0,5.0,Heart Disease,80.0
Males,1-4 yrs,2012.0,2012.0,6.0,Influenza & Pneumonia,55.0
Males,1-4 yrs,2012.0,2012.0,7.0,Cerebrovascular,36.0
Males,1-4 yrs,2012.0,2012.0,8.0,Chronic Low. Respiratory Disease,35.0
Males,1-4 yrs,2012.0,2012.0,9.0,Septicemia,29.0
Males,1-4 yrs,2012.0,2012.0,10.0,Perinatal Period,27.0
Males,5-9 yrs,2012.0,2012.0,1.0,Unintentional Injury,457.0
Males,5-9 yrs,2012.0,2012.0,2.0,Malignant Neoplasms,254.0
Males,5-9 yrs,2012.0,2012.0,3.0,Congenital Anomalies,83.0
Males,5-9 yrs,2012.0,2012.0,4.0,Homicide,75.0
Males,5-9 yrs,2012.0,2012.0,5.0,Heart Disease,33.0
Males,5-9 yrs,2012.0,2012.0,6.0,Chronic Low. Respiratory Disease,31.0
Males,5-9 yrs,2012.0,2012.0,7.0,Benign Neoplasms,23.0
Males,5-9 yrs,2012.0,2012.0,8.0,Influenza & Pneumonia,21.0
Males,5-9 yrs,2012.0,2012.0,9.0,Septicemia,17.0
Males,5-9 yrs,2012.0,2012.0,10.0,Cerebrovascular,15.0
Males,10-14 yrs,2012.0,2012.0,1.0,Unintentional Injury,525.0
Males,10-14 yrs,2012.0,2012.0,2.0,Malignant Neoplasms,259.0
Males,10-14 yrs,2012.0,2012.0,3.0,Suicide,221.0
Males,10-14 yrs,2012.0,2012.0,4.0,Homicide,106.0
Males,10-14 yrs,2012.0,2012.0,5.0,Congenital Anomalies,87.0
Males,10-14 yrs,2012.0,2012.0,6.0,Heart Disease,63.0
Males,10-14 yrs,2012.0,2012.0,7.0,Chronic Low. Respiratory Disease,31.0
Males,10-14 yrs,2012.0,2012.0,8.0,Cerebrovascular,26.0
Males,10-14 yrs,2012.0,2012.0,9.0,Benign Neoplasms,25.0
Males,10-14 yrs,2012.0,2012.0,10.0,Influenza & Pneumonia,19.0
Males,15-24 yrs,2012.0,2012.0,1.0,Unintentional Injury,8849.0
Males,15-24 yrs,2012.0,2012.0,2.0,Homicide,3995.0
Males,15-24 yrs,2012.0,2012.0,3.0,Suicide,3918.0
Males,15-24 yrs,2012.0,2012.0,4.0,Malignant Neoplasms,924.0
Males,15-24 yrs,2012.0,2012.0,5.0,Heart Disease,644.0
Males,15-24 yrs,2012.0,2012.0,6.0,Congenital Anomalies,250.0
Males,15-24 yrs,2012.0,2012.0,7.0,Cerebrovascular,108.0
Males,15-24 yrs,2012.0,2012.0,8.0,Diabetes Mellitus,106.0
Males,15-24 yrs,2012.0,2012.0,9.0,Chronic Low. Respiratory Disease,98.0
Males,15-24 yrs,2012.0,2012.0,10.0,Influenza & Pneumonia,90.0
Males,25-34 yrs,2012.0,2012.0,1.0,Unintentional Injury,11675.0
Males,25-34 yrs,2012.0,2012.0,2.0,Suicide,4985.0
Males,25-34 yrs,2012.0,2012.0,3.0,Homicide,3651.0
Males,25-34 yrs,2012.0,2012.0,4.0,Heart Disease,2214.0
Males,25-34 yrs,2012.0,2012.0,5.0,Malignant Neoplasms,1802.0
Males,25-34 yrs,2012.0,2012.0,6.0,HIV,456.0
Males,25-34 yrs,2012.0,2012.0,7.0,Liver Disease,379.0
Males,25-34 yrs,2012.0,2012.0,8.0,Diabetes Mellitus,359.0
Males,25-34 yrs,2012.0,2012.0,9.0,Cerebrovascular,297.0
Males,25-34 yrs,2012.0,2012.0,10.0,Congenital Anomalies,244.0
Males,35-44 yrs,2012.0,2012.0,1.0,Unintentional Injury,10473.0
Males,35-44 yrs,2012.0,2012.0,2.0,Heart Disease,7231.0
Males,35-44 yrs,2012.0,2012.0,3.0,Suicide,5185.0
Males,35-44 yrs,2012.0,2012.0,4.0,Malignant Neoplasms,4849.0
Males,35-44 yrs,2012.0,2012.0,5.0,Homicide,2138.0
Males,35-44 yrs,2012.0,2012.0,6.0,Liver Disease,1601.0
Males,35-44 yrs,2012.0,2012.0,7.0,Diabetes Mellitus,1156.0
Males,35-44 yrs,2012.0,2012.0,8.0,Cerebrovascular,962.0
Males,35-44 yrs,2012.0,2012.0,9.0,HIV,853.0
Males,35-44 yrs,2012.0,2012.0,10.0,Septicemia,386.0
Males,45-54 yrs,2012.0,2012.0,1.0,Heart Disease,24927.0
Males,45-54 yrs,2012.0,2012.0,2.0,Malignant Neoplasms,24003.0
Males,45-54 yrs,2012.0,2012.0,3.0,Unintentional Injury,13591.0
Males,45-54 yrs,2012.0,2012.0,4.0,Suicide,6578.0
Males,45-54 yrs,2012.0,2012.0,5.0,Liver Disease,5979.0
Males,45-54 yrs,2012.0,2012.0,6.0,Diabetes Mellitus,3604.0
Males,45-54 yrs,2012.0,2012.0,7.0,Cerebrovascular,3101.0
Males,45-54 yrs,2012.0,2012.0,8.0,Chronic Low. Respiratory Disease,2133.0
Males,45-54 yrs,2012.0,2012.0,9.0,HIV,1894.0
Males,45-54 yrs,2012.0,2012.0,10.0,Homicide,1530.0
Males,55-64 yrs,2012.0,2012.0,1.0,Malignant Neoplasms,62670.0
Males,55-64 yrs,2012.0,2012.0,2.0,Heart Disease,49557.0
Males,55-64 yrs,2012.0,2012.0,3.0,Unintentional Injury,10804.0
Males,55-64 yrs,2012.0,2012.0,4.0,Liver Disease,7939.0
Males,55-64 yrs,2012.0,2012.0,5.0,Chronic Low. Respiratory Disease,7881.0
Males,55-64 yrs,2012.0,2012.0,6.0,Diabetes Mellitus,7634.0
Males,55-64 yrs,2012.0,2012.0,7.0,Cerebrovascular,6410.0
Males,55-64 yrs,2012.0,2012.0,8.0,Suicide,5332.0
Males,55-64 yrs,2012.0,2012.0,9.0,Viral Hepatitis,2754.0
Males,55-64 yrs,2012.0,2012.0,10.0,Septicemia,2703.0
Males,65+ yrs,2012.0,2012.0,1.0,Heart Disease,227519.0
Males,65+ yrs,2012.0,2012.0,2.0,Malignant Neoplasms,210648.0
Males,65+ yrs,2012.0,2012.0,3.0,Chronic Low. Respiratory Disease,56938.0
Males,65+ yrs,2012.0,2012.0,4.0,Cerebrovascular,41628.0
Males,65+ yrs,2012.0,2012.0,5.0,Diabetes Mellitus,25702.0
Males,65+ yrs,2012.0,2012.0,6.0,Alzheimer's Disease,25235.0
Males,65+ yrs,2012.0,2012.0,7.0,Unintentional Injury,22144.0
Males,65+ yrs,2012.0,2012.0,8.0,Influenza & Pneumonia,19847.0
Males,65+ yrs,2012.0,2012.0,9.0,Nephritis,18242.0
Males,65+ yrs,2012.0,2012.0,10.0,Parkinson's Disease,13739.0
Males,<1 yrs,2013.0,2013.0,1.0,Congenital Anomalies,2562.0
Males,<1 yrs,2013.0,2013.0,2.0,Short Gestation,2297.0
Males,<1 yrs,2013.0,2013.0,3.0,SIDS,916.0
Males,<1 yrs,2013.0,2013.0,4.0,Maternal Pregnancy Comp.,901.0
Males,<1 yrs,2013.0,2013.0,5.0,Unintentional Injury,659.0
Males,<1 yrs,2013.0,2013.0,6.0,Placenta  Cord Membranes,530.0
Males,<1 yrs,2013.0,2013.0,7.0,Bacterial Sepsis,337.0
Males,<1 yrs,2013.0,2013.0,8.0,Respiratory Distress,296.0
Males,<1 yrs,2013.0,2013.0,9.0,Circulatory System Disease,259.0
Males,<1 yrs,2013.0,2013.0,10.0,Neonatal Hemorrhage,234.0
Males,1-4 yrs,2013.0,2013.0,1.0,Unintentional Injury,831.0
Males,1-4 yrs,2013.0,2013.0,2.0,Congenital Anomalies,232.0
Males,1-4 yrs,2013.0,2013.0,3.0,Homicide,184.0
Males,1-4 yrs,2013.0,2013.0,4.0,Malignant Neoplasms,183.0
Males,1-4 yrs,2013.0,2013.0,5.0,Heart Disease,96.0
Males,1-4 yrs,2013.0,2013.0,6.0,Influenza & Pneumonia,53.0
Males,1-4 yrs,2013.0,2013.0,7.0,Chronic Low. Respiratory Disease,38.0
Males,1-4 yrs,2013.0,2013.0,8.0,Septicemia,32.0
Males,1-4 yrs,2013.0,2013.0,9.0,Perinatal Period,29.0
Males,1-4 yrs,2013.0,2013.0,10.0,Cerebrovascular,22.0
Males,5-9 yrs,2013.0,2013.0,1.0,Unintentional Injury,450.0
Males,5-9 yrs,2013.0,2013.0,2.0,Malignant Neoplasms,241.0
Males,5-9 yrs,2013.0,2013.0,3.0,Congenital Anomalies,97.0
Males,5-9 yrs,2013.0,2013.0,4.0,Homicide,73.0
Males,5-9 yrs,2013.0,2013.0,5.0,Chronic Low. Respiratory Disease,50.0
Males,5-9 yrs,2013.0,2013.0,6.0,Influenza & Pneumonia,37.0
Males,5-9 yrs,2013.0,2013.0,7.0,Heart Disease,36.0
Males,5-9 yrs,2013.0,2013.0,8.0,Benign Neoplasms,24.0
Males,5-9 yrs,2013.0,2013.0,9.0,Septicemia,21.0
Males,5-9 yrs,2013.0,2013.0,10.0,Cerebrovascular,19.0
Males,10-14 yrs,2013.0,2013.0,1.0,Unintentional Injury,500.0
Males,10-14 yrs,2013.0,2013.0,2.0,Suicide,245.0
Males,10-14 yrs,2013.0,2013.0,3.0,Malignant Neoplasms,230.0
Males,10-14 yrs,2013.0,2013.0,4.0,Homicide,95.0
Males,10-14 yrs,2013.0,2013.0,5.0,Congenital Anomalies,79.0
Males,10-14 yrs,2013.0,2013.0,6.0,Heart Disease,57.0
Males,10-14 yrs,2013.0,2013.0,7.0,Chronic Low. Respiratory Disease,50.0
Males,10-14 yrs,2013.0,2013.0,8.0,Influenza & Pneumonia,33.0
Males,10-14 yrs,2013.0,2013.0,9.0,Cerebrovascular,25.0
Males,10-14 yrs,2013.0,2013.0,10.0,Benign Neoplasms,16.0
Males,15-24 yrs,2013.0,2013.0,1.0,Unintentional Injury,8545.0
Males,15-24 yrs,2013.0,2013.0,2.0,Suicide,3903.0
Males,15-24 yrs,2013.0,2013.0,3.0,Homicide,3765.0
Males,15-24 yrs,2013.0,2013.0,4.0,Malignant Neoplasms,859.0
Males,15-24 yrs,2013.0,2013.0,5.0,Heart Disease,628.0
Males,15-24 yrs,2013.0,2013.0,6.0,Congenital Anomalies,223.0
Males,15-24 yrs,2013.0,2013.0,7.0,Diabetes Mellitus,120.0
Males,15-24 yrs,2013.0,2013.0,8.0,Influenza & Pneumonia,114.0
Males,15-24 yrs,2013.0,2013.0,9.0,Chronic Low. Respiratory Disease,101.0
Males,15-24 yrs,2013.0,2013.0,10.0,Cerebrovascular,85.0
Males,25-34 yrs,2013.0,2013.0,1.0,Unintentional Injury,12025.0
Males,25-34 yrs,2013.0,2013.0,2.0,Suicide,5063.0
Males,25-34 yrs,2013.0,2013.0,3.0,Homicide,3555.0
Males,25-34 yrs,2013.0,2013.0,4.0,Heart Disease,2214.0
Males,25-34 yrs,2013.0,2013.0,5.0,Malignant Neoplasms,1857.0
Males,25-34 yrs,2013.0,2013.0,6.0,HIV,457.0
Males,25-34 yrs,2013.0,2013.0,7.0,Liver Disease,435.0
Males,25-34 yrs,2013.0,2013.0,8.0,Diabetes Mellitus,403.0
Males,25-34 yrs,2013.0,2013.0,9.0,Cerebrovascular,279.0
Males,25-34 yrs,2013.0,2013.0,10.0,Influenza & Pneumonia,253.0
Males,35-44 yrs,2013.0,2013.0,1.0,Unintentional Injury,10566.0
Males,35-44 yrs,2013.0,2013.0,2.0,Heart Disease,7152.0
Males,35-44 yrs,2013.0,2013.0,3.0,Suicide,5003.0
Males,35-44 yrs,2013.0,2013.0,4.0,Malignant Neoplasms,4827.0
Males,35-44 yrs,2013.0,2013.0,5.0,Homicide,2025.0
Males,35-44 yrs,2013.0,2013.0,6.0,Liver Disease,1620.0
Males,35-44 yrs,2013.0,2013.0,7.0,Diabetes Mellitus,1211.0
Males,35-44 yrs,2013.0,2013.0,8.0,Cerebrovascular,938.0
Males,35-44 yrs,2013.0,2013.0,9.0,HIV,842.0
Males,35-44 yrs,2013.0,2013.0,10.0,Influenza & Pneumonia,464.0
Males,45-54 yrs,2013.0,2013.0,1.0,Heart Disease,24830.0
Males,45-54 yrs,2013.0,2013.0,2.0,Malignant Neoplasms,22966.0
Males,45-54 yrs,2013.0,2013.0,3.0,Unintentional Injury,13591.0
Males,45-54 yrs,2013.0,2013.0,4.0,Suicide,6393.0
Males,45-54 yrs,2013.0,2013.0,5.0,Liver Disease,5858.0
Males,45-54 yrs,2013.0,2013.0,6.0,Diabetes Mellitus,3633.0
Males,45-54 yrs,2013.0,2013.0,7.0,Cerebrovascular,3067.0
Males,45-54 yrs,2013.0,2013.0,8.0,Chronic Low. Respiratory Disease,2142.0
Males,45-54 yrs,2013.0,2013.0,9.0,HIV,1760.0
Males,45-54 yrs,2013.0,2013.0,10.0,Homicide,1479.0
Males,55-64 yrs,2013.0,2013.0,1.0,Malignant Neoplasms,62810.0
Males,55-64 yrs,2013.0,2013.0,2.0,Heart Disease,50680.0
Males,55-64 yrs,2013.0,2013.0,3.0,Unintentional Injury,11658.0
Males,55-64 yrs,2013.0,2013.0,4.0,Liver Disease,8485.0
Males,55-64 yrs,2013.0,2013.0,5.0,Chronic Low. Respiratory Disease,8287.0
Males,55-64 yrs,2013.0,2013.0,6.0,Diabetes Mellitus,7933.0
Males,55-64 yrs,2013.0,2013.0,7.0,Cerebrovascular,6651.0
Males,55-64 yrs,2013.0,2013.0,8.0,Suicide,5373.0
Males,55-64 yrs,2013.0,2013.0,9.0,Septicemia,2892.0
Males,55-64 yrs,2013.0,2013.0,10.0,Nephritis,2800.0
Males,65+ yrs,2013.0,2013.0,1.0,Heart Disease,235460.0
Males,65+ yrs,2013.0,2013.0,2.0,Malignant Neoplasms,213550.0
Males,65+ yrs,2013.0,2013.0,3.0,Chronic Low. Respiratory Disease,59109.0
Males,65+ yrs,2013.0,2013.0,4.0,Cerebrovascular,42544.0
Males,65+ yrs,2013.0,2013.0,5.0,Diabetes Mellitus,26520.0
Males,65+ yrs,2013.0,2013.0,6.0,Alzheimer's Disease,25420.0
Males,65+ yrs,2013.0,2013.0,7.0,Unintentional Injury,23069.0
Males,65+ yrs,2013.0,2013.0,8.0,Influenza & Pneumonia,21717.0
Males,65+ yrs,2013.0,2013.0,9.0,Nephritis,18925.0
Males,65+ yrs,2013.0,2013.0,10.0,Parkinson's Disease,14640.0
Males,<1 yrs,2014.0,2014.0,1.0,Congenital Anomalies,2444.0
Males,<1 yrs,2014.0,2014.0,2.0,Short Gestation,2370.0
Males,<1 yrs,2014.0,2014.0,3.0,SIDS,924.0
Males,<1 yrs,2014.0,2014.0,4.0,Maternal Pregnancy Comp.,916.0
Males,<1 yrs,2014.0,2014.0,5.0,Unintentional Injury,663.0
Males,<1 yrs,2014.0,2014.0,6.0,Placenta  Cord Membranes,499.0
Males,<1 yrs,2014.0,2014.0,7.0,Bacterial Sepsis,298.0
Males,<1 yrs,2014.0,2014.0,8.0,Neonatal Hemorrhage,271.0
Males,<1 yrs,2014.0,2014.0,9.0,Respiratory Distress,269.0
Males,<1 yrs,2014.0,2014.0,10.0,Circulatory System Disease,247.0
Males,1-4 yrs,2014.0,2014.0,1.0,Unintentional Injury,744.0
Males,1-4 yrs,2014.0,2014.0,2.0,Congenital Anomalies,219.0
Males,1-4 yrs,2014.0,2014.0,3.0,Homicide,196.0
Males,1-4 yrs,2014.0,2014.0,4.0,Malignant Neoplasms,182.0
Males,1-4 yrs,2014.0,2014.0,5.0,Heart Disease,76.0
Males,1-4 yrs,2014.0,2014.0,6.0,Influenza & Pneumonia,57.0
Males,1-4 yrs,2014.0,2014.0,7.0,Chronic Low. Respiratory Disease,30.0
Males,1-4 yrs,2014.0,2014.0,8.0,Perinatal Period,24.0
Males,1-4 yrs,2014.0,2014.0,9.0,Septicemia,23.0
Males,1-4 yrs,2014.0,2014.0,10.0,Benign Neoplasms,19.0
Males,5-9 yrs,2014.0,2014.0,1.0,Unintentional Injury,464.0
Males,5-9 yrs,2014.0,2014.0,2.0,Malignant Neoplasms,242.0
Males,5-9 yrs,2014.0,2014.0,3.0,Congenital Anomalies,89.0
Males,5-9 yrs,2014.0,2014.0,4.0,Homicide,61.0
Males,5-9 yrs,2014.0,2014.0,5.0,Chronic Low. Respiratory Disease,46.0
Males,5-9 yrs,2014.0,2014.0,6.0,Heart Disease,40.0
Males,5-9 yrs,2014.0,2014.0,7.0,Influenza & Pneumonia,29.0
Males,5-9 yrs,2014.0,2014.0,8.0,Cerebrovascular,20.0
Males,5-9 yrs,2014.0,2014.0,9.0,Septicemia,17.0
Males,5-9 yrs,2014.0,2014.0,10.0,Benign Neoplasms,15.0
Males,10-14 yrs,2014.0,2014.0,1.0,Unintentional Injury,504.0
Males,10-14 yrs,2014.0,2014.0,2.0,Suicide,275.0
Males,10-14 yrs,2014.0,2014.0,3.0,Malignant Neoplasms,246.0
Males,10-14 yrs,2014.0,2014.0,4.0,Homicide,105.0
Males,10-14 yrs,2014.0,2014.0,5.0,Congenital Anomalies,96.0
Males,10-14 yrs,2014.0,2014.0,6.0,Heart Disease,68.0
Males,10-14 yrs,2014.0,2014.0,7.0,Chronic Low. Respiratory Disease,44.0
Males,10-14 yrs,2014.0,2014.0,8.0,Cerebrovascular,27.0
Males,10-14 yrs,2014.0,2014.0,9.0,Influenza & Pneumonia,21.0
Males,10-14 yrs,2014.0,2014.0,10.0,Benign Neoplasms,18.0
Males,15-24 yrs,2014.0,2014.0,1.0,Unintentional Injury,8765.0
Males,15-24 yrs,2014.0,2014.0,2.0,Suicide,4100.0
Males,15-24 yrs,2014.0,2014.0,3.0,Homicide,3624.0
Males,15-24 yrs,2014.0,2014.0,4.0,Malignant Neoplasms,952.0
Males,15-24 yrs,2014.0,2014.0,5.0,Heart Disease,616.0
Males,15-24 yrs,2014.0,2014.0,6.0,Congenital Anomalies,211.0
Males,15-24 yrs,2014.0,2014.0,7.0,Chronic Low. Respiratory Disease,116.0
Males,15-24 yrs,2014.0,2014.0,7.0,Influenza & Pneumonia,116.0
Males,15-24 yrs,2014.0,2014.0,8.0,Diabetes Mellitus,115.0
Males,15-24 yrs,2014.0,2014.0,9.0,Cerebrovascular,102.0
Males,25-34 yrs,2014.0,2014.0,1.0,Unintentional Injury,12822.0
Males,25-34 yrs,2014.0,2014.0,2.0,Suicide,5226.0
Males,25-34 yrs,2014.0,2014.0,3.0,Homicide,3490.0
Males,25-34 yrs,2014.0,2014.0,4.0,Heart Disease,2266.0
Males,25-34 yrs,2014.0,2014.0,5.0,Malignant Neoplasms,1794.0
Males,25-34 yrs,2014.0,2014.0,6.0,Liver Disease,437.0
Males,25-34 yrs,2014.0,2014.0,7.0,Diabetes Mellitus,432.0
Males,25-34 yrs,2014.0,2014.0,8.0,HIV,413.0
Males,25-34 yrs,2014.0,2014.0,9.0,Cerebrovascular,331.0
Males,25-34 yrs,2014.0,2014.0,10.0,Influenza & Pneumonia,288.0
Males,35-44 yrs,2014.0,2014.0,1.0,Unintentional Injury,11052.0
Males,35-44 yrs,2014.0,2014.0,2.0,Heart Disease,7021.0
Males,35-44 yrs,2014.0,2014.0,3.0,Suicide,5044.0
Males,35-44 yrs,2014.0,2014.0,4.0,Malignant Neoplasms,4829.0
Males,35-44 yrs,2014.0,2014.0,5.0,Homicide,2067.0
Males,35-44 yrs,2014.0,2014.0,6.0,Liver Disease,1617.0
Males,35-44 yrs,2014.0,2014.0,7.0,Diabetes Mellitus,1211.0
Males,35-44 yrs,2014.0,2014.0,8.0,Cerebrovascular,1001.0
Males,35-44 yrs,2014.0,2014.0,9.0,HIV,774.0
Males,35-44 yrs,2014.0,2014.0,10.0,Influenza & Pneumonia,616.0
Males,45-54 yrs,2014.0,2014.0,1.0,Heart Disease,24316.0
Males,45-54 yrs,2014.0,2014.0,2.0,Malignant Neoplasms,22053.0
Males,45-54 yrs,2014.0,2014.0,3.0,Unintentional Injury,13826.0
Males,45-54 yrs,2014.0,2014.0,4.0,Suicide,6427.0
Males,45-54 yrs,2014.0,2014.0,5.0,Liver Disease,5727.0
Males,45-54 yrs,2014.0,2014.0,6.0,Diabetes Mellitus,3795.0
Males,45-54 yrs,2014.0,2014.0,7.0,Cerebrovascular,2995.0
Males,45-54 yrs,2014.0,2014.0,8.0,Chronic Low. Respiratory Disease,2002.0
Males,45-54 yrs,2014.0,2014.0,9.0,HIV,1662.0
Males,45-54 yrs,2014.0,2014.0,10.0,Influenza & Pneumonia,1488.0
Males,55-64 yrs,2014.0,2014.0,1.0,Malignant Neoplasms,63825.0
Males,55-64 yrs,2014.0,2014.0,2.0,Heart Disease,51795.0
Males,55-64 yrs,2014.0,2014.0,3.0,Unintentional Injury,12162.0
Males,55-64 yrs,2014.0,2014.0,4.0,Liver Disease,8871.0
Males,55-64 yrs,2014.0,2014.0,5.0,Chronic Low. Respiratory Disease,8549.0
Males,55-64 yrs,2014.0,2014.0,6.0,Diabetes Mellitus,8196.0
Males,55-64 yrs,2014.0,2014.0,7.0,Cerebrovascular,6796.0
Males,55-64 yrs,2014.0,2014.0,8.0,Suicide,5689.0
Males,55-64 yrs,2014.0,2014.0,9.0,Influenza & Pneumonia,3076.0
Males,55-64 yrs,2014.0,2014.0,10.0,Septicemia,3007.0
Males,65+ yrs,2014.0,2014.0,1.0,Heart Disease,238678.0
Males,65+ yrs,2014.0,2014.0,2.0,Malignant Neoplasms,217140.0
Males,65+ yrs,2014.0,2014.0,3.0,Chronic Low. Respiratory Disease,58078.0
Males,65+ yrs,2014.0,2014.0,4.0,Cerebrovascular,44125.0
Males,65+ yrs,2014.0,2014.0,5.0,Alzheimer's Disease,27965.0
Males,65+ yrs,2014.0,2014.0,6.0,Diabetes Mellitus,27341.0
Males,65+ yrs,2014.0,2014.0,7.0,Unintentional Injury,24323.0
Males,65+ yrs,2014.0,2014.0,8.0,Influenza & Pneumonia,20804.0
Males,65+ yrs,2014.0,2014.0,9.0,Nephritis,19658.0
Males,65+ yrs,2014.0,2014.0,10.0,Parkinson's Disease,15240.0
Males,<1 yrs,2015.0,2015.0,1.0,Congenital Anomalies,2551.0
Males,<1 yrs,2015.0,2015.0,2.0,Short Gestation,2249.0
Males,<1 yrs,2015.0,2015.0,3.0,SIDS,923.0
Males,<1 yrs,2015.0,2015.0,4.0,Maternal Pregnancy Comp.,854.0
Males,<1 yrs,2015.0,2015.0,5.0,Unintentional Injury,755.0
Males,<1 yrs,2015.0,2015.0,6.0,Placenta  Cord Membranes,514.0
Males,<1 yrs,2015.0,2015.0,7.0,Bacterial Sepsis,313.0
Males,<1 yrs,2015.0,2015.0,8.0,Respiratory Distress,282.0
Males,<1 yrs,2015.0,2015.0,9.0,Neonatal Hemorrhage,235.0
Males,<1 yrs,2015.0,2015.0,10.0,Circulatory System Disease,226.0
Males,1-4 yrs,2015.0,2015.0,1.0,Unintentional Injury,768.0
Males,1-4 yrs,2015.0,2015.0,2.0,Homicide,230.0
Males,1-4 yrs,2015.0,2015.0,3.0,Congenital Anomalies,227.0
Males,1-4 yrs,2015.0,2015.0,4.0,Malignant Neoplasms,196.0
Males,1-4 yrs,2015.0,2015.0,5.0,Heart Disease,78.0
Males,1-4 yrs,2015.0,2015.0,6.0,Influenza & Pneumonia,49.0
Males,1-4 yrs,2015.0,2015.0,7.0,Perinatal Period,34.0
Males,1-4 yrs,2015.0,2015.0,8.0,Chronic Low. Respiratory Disease,27.0
Males,1-4 yrs,2015.0,2015.0,9.0,Cerebrovascular,26.0
Males,1-4 yrs,2015.0,2015.0,10.0,Septicemia,24.0
Males,5-9 yrs,2015.0,2015.0,1.0,Unintentional Injury,441.0
Males,5-9 yrs,2015.0,2015.0,2.0,Malignant Neoplasms,242.0
Males,5-9 yrs,2015.0,2015.0,3.0,Congenital Anomalies,105.0
Males,5-9 yrs,2015.0,2015.0,4.0,Homicide,85.0
Males,5-9 yrs,2015.0,2015.0,5.0,Chronic Low. Respiratory Disease,45.0
Males,5-9 yrs,2015.0,2015.0,6.0,Heart Disease,41.0
Males,5-9 yrs,2015.0,2015.0,7.0,Influenza & Pneumonia,21.0
Males,5-9 yrs,2015.0,2015.0,8.0,Cerebrovascular,19.0
Males,5-9 yrs,2015.0,2015.0,9.0,Benign Neoplasms,18.0
Males,5-9 yrs,2015.0,2015.0,10.0,Septicemia,14.0
Males,10-14 yrs,2015.0,2015.0,1.0,Unintentional Injury,498.0
Males,10-14 yrs,2015.0,2015.0,2.0,Suicide,251.0
Males,10-14 yrs,2015.0,2015.0,3.0,Malignant Neoplasms,227.0
Males,10-14 yrs,2015.0,2015.0,4.0,Homicide,109.0
Males,10-14 yrs,2015.0,2015.0,5.0,Congenital Anomalies,89.0
Males,10-14 yrs,2015.0,2015.0,6.0,Heart Disease,67.0
Males,10-14 yrs,2015.0,2015.0,7.0,Chronic Low. Respiratory Disease,59.0
Males,10-14 yrs,2015.0,2015.0,8.0,Cerebrovascular,26.0
Males,10-14 yrs,2015.0,2015.0,9.0,Influenza & Pneumonia,20.0
Males,10-14 yrs,2015.0,2015.0,10.0,Septicemia,19.0
Males,15-24 yrs,2015.0,2015.0,1.0,Unintentional Injury,9149.0
Males,15-24 yrs,2015.0,2015.0,2.0,Suicide,4359.0
Males,15-24 yrs,2015.0,2015.0,3.0,Homicide,4134.0
Males,15-24 yrs,2015.0,2015.0,4.0,Malignant Neoplasms,880.0
Males,15-24 yrs,2015.0,2015.0,5.0,Heart Disease,667.0
Males,15-24 yrs,2015.0,2015.0,6.0,Congenital Anomalies,220.0
Males,15-24 yrs,2015.0,2015.0,7.0,Chronic Low. Respiratory Disease,130.0
Males,15-24 yrs,2015.0,2015.0,8.0,Diabetes Mellitus,118.0
Males,15-24 yrs,2015.0,2015.0,9.0,Influenza & Pneumonia,107.0
Males,15-24 yrs,2015.0,2015.0,10.0,Cerebrovascular,89.0
Males,25-34 yrs,2015.0,2015.0,1.0,Unintentional Injury,14659.0
Males,25-34 yrs,2015.0,2015.0,2.0,Suicide,5503.0
Males,25-34 yrs,2015.0,2015.0,3.0,Homicide,4097.0
Males,25-34 yrs,2015.0,2015.0,4.0,Heart Disease,2297.0
Males,25-34 yrs,2015.0,2015.0,5.0,Malignant Neoplasms,1818.0
Males,25-34 yrs,2015.0,2015.0,6.0,Liver Disease,520.0
Males,25-34 yrs,2015.0,2015.0,7.0,Diabetes Mellitus,464.0
Males,25-34 yrs,2015.0,2015.0,8.0,HIV,380.0
Males,25-34 yrs,2015.0,2015.0,9.0,Cerebrovascular,320.0
Males,25-34 yrs,2015.0,2015.0,10.0,Congenital Anomalies,262.0
Males,35-44 yrs,2015.0,2015.0,1.0,Unintentional Injury,12566.0
Males,35-44 yrs,2015.0,2015.0,2.0,Heart Disease,7094.0
Males,35-44 yrs,2015.0,2015.0,3.0,Suicide,5223.0
Males,35-44 yrs,2015.0,2015.0,4.0,Malignant Neoplasms,4656.0
Males,35-44 yrs,2015.0,2015.0,5.0,Homicide,2333.0
Males,35-44 yrs,2015.0,2015.0,6.0,Liver Disease,1811.0
Males,35-44 yrs,2015.0,2015.0,7.0,Diabetes Mellitus,1242.0
Males,35-44 yrs,2015.0,2015.0,8.0,Cerebrovascular,990.0
Males,35-44 yrs,2015.0,2015.0,9.0,HIV,691.0
Males,35-44 yrs,2015.0,2015.0,10.0,Influenza & Pneumonia,402.0
Males,45-54 yrs,2015.0,2015.0,1.0,Heart Disease,23871.0
Males,45-54 yrs,2015.0,2015.0,2.0,Malignant Neoplasms,21171.0
Males,45-54 yrs,2015.0,2015.0,3.0,Unintentional Injury,14364.0
Males,45-54 yrs,2015.0,2015.0,4.0,Suicide,6411.0
Males,45-54 yrs,2015.0,2015.0,5.0,Liver Disease,5765.0
Males,45-54 yrs,2015.0,2015.0,6.0,Diabetes Mellitus,3884.0
Males,45-54 yrs,2015.0,2015.0,7.0,Cerebrovascular,2900.0
Males,45-54 yrs,2015.0,2015.0,8.0,Chronic Low. Respiratory Disease,2004.0
Males,45-54 yrs,2015.0,2015.0,9.0,Homicide,1626.0
Males,45-54 yrs,2015.0,2015.0,10.0,HIV,1515.0
Males,55-64 yrs,2015.0,2015.0,1.0,Malignant Neoplasms,64180.0
Males,55-64 yrs,2015.0,2015.0,2.0,Heart Disease,53108.0
Males,55-64 yrs,2015.0,2015.0,3.0,Unintentional Injury,13433.0
Males,55-64 yrs,2015.0,2015.0,4.0,Liver Disease,9076.0
Males,55-64 yrs,2015.0,2015.0,5.0,Chronic Low. Respiratory Disease,9005.0
Males,55-64 yrs,2015.0,2015.0,6.0,Diabetes Mellitus,8686.0
Males,55-64 yrs,2015.0,2015.0,7.0,Cerebrovascular,6970.0
Males,55-64 yrs,2015.0,2015.0,8.0,Suicide,5696.0
Males,55-64 yrs,2015.0,2015.0,9.0,Nephritis,3183.0
Males,55-64 yrs,2015.0,2015.0,10.0,Septicemia,3103.0
Males,65+ yrs,2015.0,2015.0,1.0,Heart Disease,247607.0
Males,65+ yrs,2015.0,2015.0,2.0,Malignant Neoplasms,220411.0
Males,65+ yrs,2015.0,2015.0,3.0,Chronic Low. Respiratory Disease,60714.0
Males,65+ yrs,2015.0,2015.0,4.0,Cerebrovascular,46890.0
Males,65+ yrs,2015.0,2015.0,5.0,Alzheimer's Disease,33225.0
Males,65+ yrs,2015.0,2015.0,6.0,Diabetes Mellitus,28711.0
Males,65+ yrs,2015.0,2015.0,7.0,Unintentional Injury,26272.0
Males,65+ yrs,2015.0,2015.0,8.0,Influenza & Pneumonia,22204.0
Males,65+ yrs,2015.0,2015.0,9.0,Nephritis,20396.0
Males,65+ yrs,2015.0,2015.0,10.0,Parkinson's Disease,16388.0
Males,<1 yrs,2016.0,2016.0,1.0,Congenital Anomalies,2542.0
Males,<1 yrs,2016.0,2016.0,2.0,Short Gestation,2271.0
Males,<1 yrs,2016.0,2016.0,3.0,SIDS,874.0
Males,<1 yrs,2016.0,2016.0,4.0,Maternal Pregnancy Comp.,782.0
Males,<1 yrs,2016.0,2016.0,5.0,Unintentional Injury,706.0
Males,<1 yrs,2016.0,2016.0,6.0,Placenta  Cord Membranes,465.0
Males,<1 yrs,2016.0,2016.0,7.0,Bacterial Sepsis,310.0
Males,<1 yrs,2016.0,2016.0,8.0,Respiratory Distress,267.0
Males,<1 yrs,2016.0,2016.0,9.0,Circulatory System Disease,244.0
Males,<1 yrs,2016.0,2016.0,10.0,Neonatal Hemorrhage,240.0
Males,1-4 yrs,2016.0,2016.0,1.0,Unintentional Injury,776.0
Males,1-4 yrs,2016.0,2016.0,2.0,Congenital Anomalies,206.0
Males,1-4 yrs,2016.0,2016.0,2.0,Malignant Neoplasms,206.0
Males,1-4 yrs,2016.0,2016.0,3.0,Homicide,176.0
Males,1-4 yrs,2016.0,2016.0,4.0,Heart Disease,62.0
Males,1-4 yrs,2016.0,2016.0,5.0,Influenza & Pneumonia,53.0
Males,1-4 yrs,2016.0,2016.0,6.0,Septicemia,37.0
Males,1-4 yrs,2016.0,2016.0,7.0,Perinatal Period,35.0
Males,1-4 yrs,2016.0,2016.0,8.0,Chronic Low. Respiratory Disease,34.0
Males,1-4 yrs,2016.0,2016.0,9.0,Cerebrovascular,28.0
Males,5-9 yrs,2016.0,2016.0,1.0,Unintentional Injury,469.0
Males,5-9 yrs,2016.0,2016.0,2.0,Malignant Neoplasms,253.0
Males,5-9 yrs,2016.0,2016.0,3.0,Congenital Anomalies,99.0
Males,5-9 yrs,2016.0,2016.0,4.0,Homicide,77.0
Males,5-9 yrs,2016.0,2016.0,5.0,Chronic Low. Respiratory Disease,39.0
Males,5-9 yrs,2016.0,2016.0,6.0,Heart Disease,37.0
Males,5-9 yrs,2016.0,2016.0,7.0,Influenza & Pneumonia,27.0
Males,5-9 yrs,2016.0,2016.0,8.0,Cerebrovascular,24.0
Males,5-9 yrs,2016.0,2016.0,9.0,Benign Neoplasms,21.0
Males,5-9 yrs,2016.0,2016.0,10.0,Septicemia,20.0
Males,10-14 yrs,2016.0,2016.0,1.0,Unintentional Injury,521.0
Males,10-14 yrs,2016.0,2016.0,2.0,Suicide,265.0
Males,10-14 yrs,2016.0,2016.0,3.0,Malignant Neoplasms,237.0
Males,10-14 yrs,2016.0,2016.0,4.0,Homicide,90.0
Males,10-14 yrs,2016.0,2016.0,5.0,Congenital Anomalies,88.0
Males,10-14 yrs,2016.0,2016.0,6.0,Heart Disease,62.0
Males,10-14 yrs,2016.0,2016.0,7.0,Chronic Low. Respiratory Disease,47.0
Males,10-14 yrs,2016.0,2016.0,8.0,Cerebrovascular,31.0
Males,10-14 yrs,2016.0,2016.0,9.0,Influenza & Pneumonia,22.0
Males,10-14 yrs,2016.0,2016.0,10.0,Septicemia,17.0
Males,15-24 yrs,2016.0,2016.0,1.0,Unintentional Injury,10241.0
Males,15-24 yrs,2016.0,2016.0,2.0,Suicide,4575.0
Males,15-24 yrs,2016.0,2016.0,3.0,Homicide,4479.0
Males,15-24 yrs,2016.0,2016.0,4.0,Malignant Neoplasms,902.0
Males,15-24 yrs,2016.0,2016.0,5.0,Heart Disease,629.0
Males,15-24 yrs,2016.0,2016.0,6.0,Congenital Anomalies,231.0
Males,15-24 yrs,2016.0,2016.0,7.0,Chronic Low. Respiratory Disease,127.0
Males,15-24 yrs,2016.0,2016.0,8.0,Diabetes Mellitus,121.0
Males,15-24 yrs,2016.0,2016.0,9.0,Influenza & Pneumonia,105.0
Males,15-24 yrs,2016.0,2016.0,10.0,Cerebrovascular,92.0
Males,25-34 yrs,2016.0,2016.0,1.0,Unintentional Injury,17737.0
Males,25-34 yrs,2016.0,2016.0,2.0,Suicide,5887.0
Males,25-34 yrs,2016.0,2016.0,3.0,Homicide,4540.0
Males,25-34 yrs,2016.0,2016.0,4.0,Heart Disease,2304.0
Males,25-34 yrs,2016.0,2016.0,5.0,Malignant Neoplasms,1825.0
Males,25-34 yrs,2016.0,2016.0,6.0,Liver Disease,565.0
Males,25-34 yrs,2016.0,2016.0,7.0,Diabetes Mellitus,456.0
Males,25-34 yrs,2016.0,2016.0,8.0,HIV,403.0
Males,25-34 yrs,2016.0,2016.0,9.0,Cerebrovascular,331.0
Males,25-34 yrs,2016.0,2016.0,10.0,Congenital Anomalies,245.0
Males,35-44 yrs,2016.0,2016.0,1.0,Unintentional Injury,14981.0
Males,35-44 yrs,2016.0,2016.0,2.0,Heart Disease,7147.0
Males,35-44 yrs,2016.0,2016.0,3.0,Suicide,5294.0
Males,35-44 yrs,2016.0,2016.0,4.0,Malignant Neoplasms,4625.0
Males,35-44 yrs,2016.0,2016.0,5.0,Homicide,2708.0
Males,35-44 yrs,2016.0,2016.0,6.0,Liver Disease,1761.0
Males,35-44 yrs,2016.0,2016.0,7.0,Diabetes Mellitus,1238.0
Males,35-44 yrs,2016.0,2016.0,8.0,Cerebrovascular,1060.0
Males,35-44 yrs,2016.0,2016.0,9.0,HIV,644.0
Males,35-44 yrs,2016.0,2016.0,10.0,Influenza & Pneumonia,492.0
Males,45-54 yrs,2016.0,2016.0,1.0,Heart Disease,23754.0
Males,45-54 yrs,2016.0,2016.0,2.0,Malignant Neoplasms,19933.0
Males,45-54 yrs,2016.0,2016.0,3.0,Unintentional Injury,15936.0
Males,45-54 yrs,2016.0,2016.0,4.0,Suicide,6198.0
Males,45-54 yrs,2016.0,2016.0,5.0,Liver Disease,5424.0
Males,45-54 yrs,2016.0,2016.0,6.0,Diabetes Mellitus,3984.0
Males,45-54 yrs,2016.0,2016.0,7.0,Cerebrovascular,2978.0
Males,45-54 yrs,2016.0,2016.0,8.0,Chronic Low. Respiratory Disease,1931.0
Males,45-54 yrs,2016.0,2016.0,9.0,Homicide,1628.0
Males,45-54 yrs,2016.0,2016.0,10.0,HIV,1344.0
Males,55-64 yrs,2016.0,2016.0,1.0,Malignant Neoplasms,63763.0
Males,55-64 yrs,2016.0,2016.0,2.0,Heart Disease,54258.0
Males,55-64 yrs,2016.0,2016.0,3.0,Unintentional Injury,15174.0
Males,55-64 yrs,2016.0,2016.0,4.0,Liver Disease,9175.0
Males,55-64 yrs,2016.0,2016.0,5.0,Chronic Low. Respiratory Disease,9064.0
Males,55-64 yrs,2016.0,2016.0,6.0,Diabetes Mellitus,8776.0
Males,55-64 yrs,2016.0,2016.0,7.0,Cerebrovascular,7160.0
Males,55-64 yrs,2016.0,2016.0,8.0,Suicide,5745.0
Males,55-64 yrs,2016.0,2016.0,9.0,Nephritis,3238.0
Males,55-64 yrs,2016.0,2016.0,10.0,Septicemia,3222.0
Males,65+ yrs,2016.0,2016.0,1.0,Heart Disease,250840.0
Males,65+ yrs,2016.0,2016.0,2.0,Malignant Neoplasms,222788.0
Males,65+ yrs,2016.0,2016.0,3.0,Chronic Low. Respiratory Disease,61221.0
Males,65+ yrs,2016.0,2016.0,4.0,Cerebrovascular,47569.0
Males,65+ yrs,2016.0,2016.0,5.0,Alzheimer's Disease,34855.0
Males,65+ yrs,2016.0,2016.0,6.0,Diabetes Mellitus,29171.0
Males,65+ yrs,2016.0,2016.0,7.0,Unintentional Injury,27301.0
Males,65+ yrs,2016.0,2016.0,8.0,Nephritis,20266.0
Males,65+ yrs,2016.0,2016.0,9.0,Influenza & Pneumonia,19966.0
Males,65+ yrs,2016.0,2016.0,10.0,Parkinson's Disease,17373.0
Males,<1 yrs,2017.0,2017.0,1.0,Congenital Anomalies,2387.0
Males,<1 yrs,2017.0,2017.0,2.0,Short Gestation,2135.0
Males,<1 yrs,2017.0,2017.0,3.0,Maternal Pregnancy Comp.,807.0
Males,<1 yrs,2017.0,2017.0,4.0,SIDS,794.0
Males,<1 yrs,2017.0,2017.0,5.0,Unintentional Injury,761.0
Males,<1 yrs,2017.0,2017.0,6.0,Placenta  Cord Membranes,490.0
Males,<1 yrs,2017.0,2017.0,7.0,Bacterial Sepsis,316.0
Males,<1 yrs,2017.0,2017.0,8.0,Respiratory Distress,261.0
Males,<1 yrs,2017.0,2017.0,9.0,Circulatory System Disease,249.0
Males,<1 yrs,2017.0,2017.0,10.0,Neonatal Hemorrhage,248.0
Males,1-4 yrs,2017.0,2017.0,1.0,Unintentional Injury,770.0
Males,1-4 yrs,2017.0,2017.0,2.0,Congenital Anomalies,225.0
Males,1-4 yrs,2017.0,2017.0,3.0,Malignant Neoplasms,184.0
Males,1-4 yrs,2017.0,2017.0,4.0,Homicide,168.0
Males,1-4 yrs,2017.0,2017.0,5.0,Heart Disease,67.0
Males,1-4 yrs,2017.0,2017.0,6.0,Influenza & Pneumonia,63.0
Males,1-4 yrs,2017.0,2017.0,7.0,Cerebrovascular,42.0
Males,1-4 yrs,2017.0,2017.0,8.0,Septicemia,26.0
Males,1-4 yrs,2017.0,2017.0,9.0,Benign Neoplasms,19.0
Males,1-4 yrs,2017.0,2017.0,9.0,Perinatal Period,19.0
Males,5-9 yrs,2017.0,2017.0,1.0,Unintentional Injury,421.0
Males,5-9 yrs,2017.0,2017.0,2.0,Malignant Neoplasms,199.0
Males,5-9 yrs,2017.0,2017.0,3.0,Congenital Anomalies,104.0
Males,5-9 yrs,2017.0,2017.0,4.0,Homicide,83.0
Males,5-9 yrs,2017.0,2017.0,5.0,Heart Disease,42.0
Males,5-9 yrs,2017.0,2017.0,6.0,Chronic Low. Respiratory Disease,37.0
Males,5-9 yrs,2017.0,2017.0,7.0,Influenza & Pneumonia,30.0
Males,5-9 yrs,2017.0,2017.0,8.0,Cerebrovascular,20.0
Males,5-9 yrs,2017.0,2017.0,9.0,Benign Neoplasms,16.0
Males,5-9 yrs,2017.0,2017.0,9.0,Septicemia,16.0
Males,10-14 yrs,2017.0,2017.0,1.0,Unintentional Injury,564.0
Males,10-14 yrs,2017.0,2017.0,2.0,Suicide,348.0
Males,10-14 yrs,2017.0,2017.0,3.0,Malignant Neoplasms,256.0
Males,10-14 yrs,2017.0,2017.0,4.0,Homicide,113.0
Males,10-14 yrs,2017.0,2017.0,5.0,Congenital Anomalies,104.0
Males,10-14 yrs,2017.0,2017.0,6.0,Heart Disease,54.0
Males,10-14 yrs,2017.0,2017.0,7.0,Chronic Low. Respiratory Disease,47.0
Males,10-14 yrs,2017.0,2017.0,8.0,Cerebrovascular,33.0
Males,10-14 yrs,2017.0,2017.0,9.0,Benign Neoplasms,19.0
Males,10-14 yrs,2017.0,2017.0,9.0,Influenza & Pneumonia,19.0
Males,15-24 yrs,2017.0,2017.0,1.0,Unintentional Injury,9746.0
Males,15-24 yrs,2017.0,2017.0,2.0,Suicide,5027.0
Males,15-24 yrs,2017.0,2017.0,3.0,Homicide,4234.0
Males,15-24 yrs,2017.0,2017.0,4.0,Malignant Neoplasms,833.0
Males,15-24 yrs,2017.0,2017.0,5.0,Heart Disease,620.0
Males,15-24 yrs,2017.0,2017.0,6.0,Congenital Anomalies,208.0
Males,15-24 yrs,2017.0,2017.0,7.0,Diabetes Mellitus,144.0
Males,15-24 yrs,2017.0,2017.0,8.0,Chronic Low. Respiratory Disease,115.0
Males,15-24 yrs,2017.0,2017.0,9.0,Influenza & Pneumonia,109.0
Males,15-24 yrs,2017.0,2017.0,10.0,Cerebrovascular,83.0
Males,25-34 yrs,2017.0,2017.0,1.0,Unintentional Injury,19001.0
Males,25-34 yrs,2017.0,2017.0,2.0,Suicide,6348.0
Males,25-34 yrs,2017.0,2017.0,3.0,Homicide,4607.0
Males,25-34 yrs,2017.0,2017.0,4.0,Heart Disease,2449.0
Males,25-34 yrs,2017.0,2017.0,5.0,Malignant Neoplasms,1690.0
Males,25-34 yrs,2017.0,2017.0,6.0,Liver Disease,551.0
Males,25-34 yrs,2017.0,2017.0,7.0,Diabetes Mellitus,471.0
Males,25-34 yrs,2017.0,2017.0,8.0,HIV,369.0
Males,25-34 yrs,2017.0,2017.0,9.0,Cerebrovascular,339.0
Males,25-34 yrs,2017.0,2017.0,10.0,Congenital Anomalies,276.0
Males,35-44 yrs,2017.0,2017.0,1.0,Unintentional Injury,16243.0
Males,35-44 yrs,2017.0,2017.0,2.0,Heart Disease,7074.0
Males,35-44 yrs,2017.0,2017.0,3.0,Suicide,5596.0
Males,35-44 yrs,2017.0,2017.0,4.0,Malignant Neoplasms,4725.0
Males,35-44 yrs,2017.0,2017.0,5.0,Homicide,2676.0
Males,35-44 yrs,2017.0,2017.0,6.0,Liver Disease,1853.0
Males,35-44 yrs,2017.0,2017.0,7.0,Diabetes Mellitus,1298.0
Males,35-44 yrs,2017.0,2017.0,8.0,Cerebrovascular,1034.0
Males,35-44 yrs,2017.0,2017.0,9.0,HIV,567.0
Males,35-44 yrs,2017.0,2017.0,10.0,Septicemia,456.0
Males,45-54 yrs,2017.0,2017.0,1.0,Heart Disease,22808.0
Males,45-54 yrs,2017.0,2017.0,2.0,Malignant Neoplasms,18898.0
Males,45-54 yrs,2017.0,2017.0,3.0,Unintentional Injury,16877.0
Males,45-54 yrs,2017.0,2017.0,4.0,Suicide,6331.0
Males,45-54 yrs,2017.0,2017.0,5.0,Liver Disease,5389.0
Males,45-54 yrs,2017.0,2017.0,6.0,Diabetes Mellitus,4020.0
Males,45-54 yrs,2017.0,2017.0,7.0,Cerebrovascular,3010.0
Males,45-54 yrs,2017.0,2017.0,8.0,Chronic Low. Respiratory Disease,1832.0
Males,45-54 yrs,2017.0,2017.0,9.0,Homicide,1737.0
Males,45-54 yrs,2017.0,2017.0,10.0,Septicemia,1323.0
Males,55-64 yrs,2017.0,2017.0,1.0,Malignant Neoplasms,62380.0
Males,55-64 yrs,2017.0,2017.0,2.0,Heart Disease,55335.0
Males,55-64 yrs,2017.0,2017.0,3.0,Unintentional Injury,16260.0
Males,55-64 yrs,2017.0,2017.0,4.0,Chronic Low. Respiratory Disease,9424.0
Males,55-64 yrs,2017.0,2017.0,5.0,Diabetes Mellitus,9282.0
Males,55-64 yrs,2017.0,2017.0,6.0,Liver Disease,9223.0
Males,55-64 yrs,2017.0,2017.0,7.0,Cerebrovascular,7332.0
Males,55-64 yrs,2017.0,2017.0,8.0,Suicide,6040.0
Males,55-64 yrs,2017.0,2017.0,9.0,Nephritis,3199.0
Males,55-64 yrs,2017.0,2017.0,10.0,Septicemia,3160.0
Males,65+ yrs,2017.0,2017.0,1.0,Heart Disease,259248.0
Males,65+ yrs,2017.0,2017.0,2.0,Malignant Neoplasms,225950.0
Males,65+ yrs,2017.0,2017.0,3.0,Chronic Low. Respiratory Disease,63004.0
Males,65+ yrs,2017.0,2017.0,4.0,Cerebrovascular,49693.0
Males,65+ yrs,2017.0,2017.0,5.0,Alzheimer's Disease,36757.0
Males,65+ yrs,2017.0,2017.0,6.0,Diabetes Mellitus,31064.0
Males,65+ yrs,2017.0,2017.0,7.0,Unintentional Injury,29065.0
Males,65+ yrs,2017.0,2017.0,8.0,Influenza & Pneumonia,21684.0
Males,65+ yrs,2017.0,2017.0,9.0,Nephritis,20644.0
Males,65+ yrs,2017.0,2017.0,10.0,Parkinson's Disease,18872.0
Males,<1 yrs,2018.0,2018.0,1.0,Congenital Anomalies,2356.0
Males,<1 yrs,2018.0,2018.0,2.0,Short Gestation,2107.0
Males,<1 yrs,2018.0,2018.0,3.0,Maternal Pregnancy Comp.,791.0
Males,<1 yrs,2018.0,2018.0,4.0,SIDS,746.0
Males,<1 yrs,2018.0,2018.0,5.0,Unintentional Injury,689.0
Males,<1 yrs,2018.0,2018.0,6.0,Placenta  Cord Membranes,385.0
Males,<1 yrs,2018.0,2018.0,7.0,Bacterial Sepsis,329.0
Males,<1 yrs,2018.0,2018.0,8.0,Respiratory Distress,240.0
Males,<1 yrs,2018.0,2018.0,9.0,Circulatory System Disease,224.0
Males,<1 yrs,2018.0,2018.0,10.0,Neonatal Hemorrhage,208.0
Males,1-4 yrs,2018.0,2018.0,1.0,Unintentional Injury,760.0
Males,1-4 yrs,2018.0,2018.0,2.0,Homicide,211.0
Males,1-4 yrs,2018.0,2018.0,3.0,Congenital Anomalies,210.0
Males,1-4 yrs,2018.0,2018.0,4.0,Malignant Neoplasms,183.0
Males,1-4 yrs,2018.0,2018.0,5.0,Influenza & Pneumonia,69.0
Males,1-4 yrs,2018.0,2018.0,6.0,Heart Disease,58.0
Males,1-4 yrs,2018.0,2018.0,7.0,Perinatal Period,40.0
Males,1-4 yrs,2018.0,2018.0,8.0,Chronic Low. Respiratory Disease,32.0
Males,1-4 yrs,2018.0,2018.0,9.0,Benign Neoplasms,21.0
Males,1-4 yrs,2018.0,2018.0,9.0,Cerebrovascular,21.0
Males,5-9 yrs,2018.0,2018.0,1.0,Unintentional Injury,442.0
Males,5-9 yrs,2018.0,2018.0,2.0,Malignant Neoplasms,204.0
Males,5-9 yrs,2018.0,2018.0,3.0,Congenital Anomalies,94.0
Males,5-9 yrs,2018.0,2018.0,4.0,Homicide,68.0
Males,5-9 yrs,2018.0,2018.0,5.0,Chronic Low. Respiratory Disease,36.0
Males,5-9 yrs,2018.0,2018.0,6.0,Heart Disease,34.0
Males,5-9 yrs,2018.0,2018.0,6.0,Influenza & Pneumonia,34.0
Males,5-9 yrs,2018.0,2018.0,7.0,Cerebrovascular,21.0
Males,5-9 yrs,2018.0,2018.0,7.0,Septicemia,21.0
Males,5-9 yrs,2018.0,2018.0,8.0,Perinatal Period,12.0
Males,10-14 yrs,2018.0,2018.0,1.0,Unintentional Injury,421.0
Males,10-14 yrs,2018.0,2018.0,2.0,Suicide,390.0
Males,10-14 yrs,2018.0,2018.0,3.0,Malignant Neoplasms,244.0
Males,10-14 yrs,2018.0,2018.0,4.0,Homicide,95.0
Males,10-14 yrs,2018.0,2018.0,5.0,Congenital Anomalies,89.0
Males,10-14 yrs,2018.0,2018.0,6.0,Heart Disease,57.0
Males,10-14 yrs,2018.0,2018.0,7.0,Chronic Low. Respiratory Disease,34.0
Males,10-14 yrs,2018.0,2018.0,8.0,Cerebrovascular,30.0
Males,10-14 yrs,2018.0,2018.0,9.0,Influenza & Pneumonia,21.0
Males,10-14 yrs,2018.0,2018.0,10.0,Benign Neoplasms,19.0
Males,15-24 yrs,2018.0,2018.0,1.0,Unintentional Injury,8625.0
Males,15-24 yrs,2018.0,2018.0,2.0,Suicide,4989.0
Males,15-24 yrs,2018.0,2018.0,3.0,Homicide,3921.0
Males,15-24 yrs,2018.0,2018.0,4.0,Malignant Neoplasms,855.0
Males,15-24 yrs,2018.0,2018.0,5.0,Heart Disease,614.0
Males,15-24 yrs,2018.0,2018.0,6.0,Congenital Anomalies,221.0
Males,15-24 yrs,2018.0,2018.0,7.0,Diabetes Mellitus,130.0
Males,15-24 yrs,2018.0,2018.0,8.0,Influenza & Pneumonia,129.0
Males,15-24 yrs,2018.0,2018.0,9.0,Chronic Low. Respiratory Disease,90.0
Males,15-24 yrs,2018.0,2018.0,10.0,Cerebrovascular,79.0
Males,25-34 yrs,2018.0,2018.0,1.0,Unintentional Injury,18114.0
Males,25-34 yrs,2018.0,2018.0,2.0,Suicide,6350.0
Males,25-34 yrs,2018.0,2018.0,3.0,Homicide,4362.0
Males,25-34 yrs,2018.0,2018.0,4.0,Heart Disease,2341.0
Males,25-34 yrs,2018.0,2018.0,5.0,Malignant Neoplasms,1738.0
Males,25-34 yrs,2018.0,2018.0,6.0,Liver Disease,584.0
Males,25-34 yrs,2018.0,2018.0,7.0,Diabetes Mellitus,491.0
Males,25-34 yrs,2018.0,2018.0,8.0,HIV,391.0
Males,25-34 yrs,2018.0,2018.0,9.0,Cerebrovascular,328.0
Males,25-34 yrs,2018.0,2018.0,10.0,Influenza & Pneumonia,270.0
Males,35-44 yrs,2018.0,2018.0,1.0,Unintentional Injury,16232.0
Males,35-44 yrs,2018.0,2018.0,2.0,Heart Disease,7219.0
Males,35-44 yrs,2018.0,2018.0,3.0,Suicide,5779.0
Males,35-44 yrs,2018.0,2018.0,4.0,Malignant Neoplasms,4556.0
Males,35-44 yrs,2018.0,2018.0,5.0,Homicide,2653.0
Males,35-44 yrs,2018.0,2018.0,6.0,Liver Disease,1937.0
Males,35-44 yrs,2018.0,2018.0,7.0,Diabetes Mellitus,1422.0
Males,35-44 yrs,2018.0,2018.0,8.0,Cerebrovascular,962.0
Males,35-44 yrs,2018.0,2018.0,9.0,Influenza & Pneumonia,508.0
Males,35-44 yrs,2018.0,2018.0,10.0,HIV,506.0
Males,45-54 yrs,2018.0,2018.0,1.0,Heart Disease,22621.0
Males,45-54 yrs,2018.0,2018.0,2.0,Malignant Neoplasms,17913.0
Males,45-54 yrs,2018.0,2018.0,3.0,Unintentional Injury,16130.0
Males,45-54 yrs,2018.0,2018.0,4.0,Suicide,6202.0
Males,45-54 yrs,2018.0,2018.0,5.0,Liver Disease,5332.0
Males,45-54 yrs,2018.0,2018.0,6.0,Diabetes Mellitus,4050.0
Males,45-54 yrs,2018.0,2018.0,7.0,Cerebrovascular,2945.0
Males,45-54 yrs,2018.0,2018.0,8.0,Chronic Low. Respiratory Disease,1818.0
Males,45-54 yrs,2018.0,2018.0,9.0,Homicide,1589.0
Males,45-54 yrs,2018.0,2018.0,10.0,Nephritis,1374.0
Males,55-64 yrs,2018.0,2018.0,1.0,Malignant Neoplasms,61889.0
Males,55-64 yrs,2018.0,2018.0,2.0,Heart Disease,56360.0
Males,55-64 yrs,2018.0,2018.0,3.0,Unintentional Injury,16522.0
Males,55-64 yrs,2018.0,2018.0,4.0,Chronic Low. Respiratory Disease,9650.0
Males,55-64 yrs,2018.0,2018.0,5.0,Liver Disease,9424.0
Males,55-64 yrs,2018.0,2018.0,6.0,Diabetes Mellitus,9411.0
Males,55-64 yrs,2018.0,2018.0,7.0,Cerebrovascular,7351.0
Males,55-64 yrs,2018.0,2018.0,8.0,Suicide,6471.0
Males,55-64 yrs,2018.0,2018.0,9.0,Nephritis,3342.0
Males,55-64 yrs,2018.0,2018.0,10.0,Influenza & Pneumonia,3317.0
Males,65+ yrs,2018.0,2018.0,1.0,Heart Disease,264920.0
Males,65+ yrs,2018.0,2018.0,2.0,Malignant Neoplasms,227938.0
Males,65+ yrs,2018.0,2018.0,3.0,Chronic Low. Respiratory Disease,63097.0
Males,65+ yrs,2018.0,2018.0,4.0,Cerebrovascular,51051.0
Males,65+ yrs,2018.0,2018.0,5.0,Alzheimer's Disease,37359.0
Males,65+ yrs,2018.0,2018.0,6.0,Diabetes Mellitus,32027.0
Males,65+ yrs,2018.0,2018.0,7.0,Unintentional Injury,29934.0
Males,65+ yrs,2018.0,2018.0,8.0,Influenza & Pneumonia,22923.0
Males,65+ yrs,2018.0,2018.0,9.0,Nephritis,21301.0
Males,65+ yrs,2018.0,2018.0,10.0,Parkinson's Disease,19943.0
